<application>
  <component name="ProjectJdkTable">
    <jdk version="2">
      <name value="Python 3.6" />
      <type value="Python SDK" />
      <version value="Python 3.6.8" />
      <homePath value="D:\opt\Python36\python.exe" />
      <roots>
        <classPath>
          <root type="composite">
            <root url="file://D:/opt/Python36/DLLs" type="simple" />
            <root url="file://D:/opt/Python36/Lib" type="simple" />
            <root url="file://D:/opt/Python36" type="simple" />
            <root url="file://D:/opt/Python36/Lib/site-packages" type="simple" />
            <root url="file://$USER_HOME$/.PyCharm2019.3/system/python_stubs/436413883" type="simple" />
            <root url="file://$APPLICATION_HOME_DIR$/plugins/python/helpers/python-skeletons" type="simple" />
            <root url="file://$APPLICATION_HOME_DIR$/plugins/python/helpers/typeshed/stdlib/3" type="simple" />
            <root url="file://$APPLICATION_HOME_DIR$/plugins/python/helpers/typeshed/stdlib/2and3" type="simple" />
            <root url="file://$APPLICATION_HOME_DIR$/plugins/python/helpers/typeshed/third_party/3" type="simple" />
            <root url="file://$APPLICATION_HOME_DIR$/plugins/python/helpers/typeshed/third_party/2and3" type="simple" />
          </root>
        </classPath>
        <sourcePath>
          <root type="composite" />
        </sourcePath>
      </roots>
      <additional />
    </jdk>
    <jdk version="2">
      <name value="Python 3.6 (venv)" />
      <type value="Python SDK" />
      <version value="Python 3.6.8" />
      <homePath value="D:\code\python\venv\Scripts\python.exe" />
      <roots>
        <classPath>
          <root type="composite">
            <root url="file://D:/opt/Python36/DLLs" type="simple" />
            <root url="file://D:/opt/Python36/Lib" type="simple" />
            <root url="file://D:/opt/Python36" type="simple" />
            <root url="file://D:/code/python/venv" type="simple" />
            <root url="file://D:/code/python/venv/Lib/site-packages" type="simple" />
            <root url="jar://D:/code/python/venv/Lib/site-packages/setuptools-40.8.0-py3.6.egg!/" type="simple" />
            <root url="file://D:/code/python/venv/Lib/site-packages/pip-19.0.3-py3.6.egg" type="simple" />
            <root url="file://$USER_HOME$/.PyCharm2019.3/system/python_stubs/644102389" type="simple" />
            <root url="file://$APPLICATION_HOME_DIR$/plugins/python/helpers/python-skeletons" type="simple" />
            <root url="file://$APPLICATION_HOME_DIR$/plugins/python/helpers/typeshed/stdlib/3" type="simple" />
            <root url="file://$APPLICATION_HOME_DIR$/plugins/python/helpers/typeshed/stdlib/2and3" type="simple" />
            <root url="file://$APPLICATION_HOME_DIR$/plugins/python/helpers/typeshed/third_party/3" type="simple" />
            <root url="file://$APPLICATION_HOME_DIR$/plugins/python/helpers/typeshed/third_party/2and3" type="simple" />
          </root>
        </classPath>
        <sourcePath>
          <root type="composite" />
        </sourcePath>
      </roots>
      <additional ASSOCIATED_PROJECT_PATH="$USER_HOME$/PycharmProjects/untitled" />
    </jdk>
  </component>
</application>