<application>
  <component name="FileTypeManager" version="18">
    <extensionMap>
      <mapping ext="jasper" type="CLASS" />
      <mapping ext="gradle.kts" type="Kotlin" />
      <mapping ext="main.kts" type="Kotlin" />
      <mapping pattern="0" type="PLAIN_TEXT" />
      <mapping ext="html2" type="PLAIN_TEXT" />
      <mapping ext="bat" type="PLAIN_TEXT" />
      <mapping ext="p12" type="PLAIN_TEXT" />
      <mapping ext="ini" type="PLAIN_TEXT" />
      <removed_mapping ext="apk" approved="true" type="ARCHIVE" />
      <removed_mapping ext="psd" approved="true" type="Image" />
    </extensionMap>
  </component>
</application>