<application>
  <component name="ProjectJdkTable">
    <jdk version="2">
      <name value="1.8" />
      <type value="JavaSDK" />
      <version value="java version &quot;1.8.0_221&quot;" />
      <homePath value="D:/opt/jdk1.8" />
      <roots>
        <annotationsPath>
          <root type="composite">
            <root url="jar://$APPLICATION_HOME_DIR$/plugins/java/lib/jdkAnnotations.jar!/" type="simple" />
            <root url="jar://$APPLICATION_HOME_DIR$/plugins/java/lib/resources/jdkAnnotations.jar!/" type="simple" />
          </root>
        </annotationsPath>
        <classPath>
          <root type="composite">
            <root url="jar://D:/opt/jdk1.8/jre/lib/charsets.jar!/" type="simple" />
            <root url="jar://D:/opt/jdk1.8/jre/lib/deploy.jar!/" type="simple" />
            <root url="jar://D:/opt/jdk1.8/jre/lib/ext/access-bridge-64.jar!/" type="simple" />
            <root url="jar://D:/opt/jdk1.8/jre/lib/ext/cldrdata.jar!/" type="simple" />
            <root url="jar://D:/opt/jdk1.8/jre/lib/ext/dnsns.jar!/" type="simple" />
            <root url="jar://D:/opt/jdk1.8/jre/lib/ext/jaccess.jar!/" type="simple" />
            <root url="jar://D:/opt/jdk1.8/jre/lib/ext/jfxrt.jar!/" type="simple" />
            <root url="jar://D:/opt/jdk1.8/jre/lib/ext/localedata.jar!/" type="simple" />
            <root url="jar://D:/opt/jdk1.8/jre/lib/ext/nashorn.jar!/" type="simple" />
            <root url="jar://D:/opt/jdk1.8/jre/lib/ext/sunec.jar!/" type="simple" />
            <root url="jar://D:/opt/jdk1.8/jre/lib/ext/sunjce_provider.jar!/" type="simple" />
            <root url="jar://D:/opt/jdk1.8/jre/lib/ext/sunmscapi.jar!/" type="simple" />
            <root url="jar://D:/opt/jdk1.8/jre/lib/ext/sunpkcs11.jar!/" type="simple" />
            <root url="jar://D:/opt/jdk1.8/jre/lib/ext/zipfs.jar!/" type="simple" />
            <root url="jar://D:/opt/jdk1.8/jre/lib/javaws.jar!/" type="simple" />
            <root url="jar://D:/opt/jdk1.8/jre/lib/jce.jar!/" type="simple" />
            <root url="jar://D:/opt/jdk1.8/jre/lib/jfr.jar!/" type="simple" />
            <root url="jar://D:/opt/jdk1.8/jre/lib/jfxswt.jar!/" type="simple" />
            <root url="jar://D:/opt/jdk1.8/jre/lib/jsse.jar!/" type="simple" />
            <root url="jar://D:/opt/jdk1.8/jre/lib/management-agent.jar!/" type="simple" />
            <root url="jar://D:/opt/jdk1.8/jre/lib/plugin.jar!/" type="simple" />
            <root url="jar://D:/opt/jdk1.8/jre/lib/resources.jar!/" type="simple" />
            <root url="jar://D:/opt/jdk1.8/jre/lib/rt.jar!/" type="simple" />
          </root>
        </classPath>
        <javadocPath>
          <root type="composite" />
        </javadocPath>
        <sourcePath>
          <root type="composite">
            <root url="jar://D:/opt/jdk1.8/src.zip!/" type="simple" />
            <root url="jar://D:/opt/jdk1.8/javafx-src.zip!/" type="simple" />
          </root>
        </sourcePath>
      </roots>
      <additional />
    </jdk>
    <jdk version="2">
      <name value="1.7" />
      <type value="JavaSDK" />
      <version value="version 1.7" />
      <homePath value="D:/opt/jdk1.7" />
      <roots>
        <annotationsPath>
          <root type="composite">
            <root url="jar://$APPLICATION_HOME_DIR$/plugins/java/lib/resources/jdkAnnotations.jar!/" type="simple" />
          </root>
        </annotationsPath>
        <classPath>
          <root type="composite">
            <root url="jar://D:/opt/jdk1.7/jre/lib/charsets.jar!/" type="simple" />
            <root url="jar://D:/opt/jdk1.7/jre/lib/ext/access-bridge-64.jar!/" type="simple" />
            <root url="jar://D:/opt/jdk1.7/jre/lib/ext/dnsns.jar!/" type="simple" />
            <root url="jar://D:/opt/jdk1.7/jre/lib/ext/jaccess.jar!/" type="simple" />
            <root url="jar://D:/opt/jdk1.7/jre/lib/ext/localedata.jar!/" type="simple" />
            <root url="jar://D:/opt/jdk1.7/jre/lib/ext/sunec.jar!/" type="simple" />
            <root url="jar://D:/opt/jdk1.7/jre/lib/ext/sunjce_provider.jar!/" type="simple" />
            <root url="jar://D:/opt/jdk1.7/jre/lib/ext/sunmscapi.jar!/" type="simple" />
            <root url="jar://D:/opt/jdk1.7/jre/lib/ext/zipfs.jar!/" type="simple" />
            <root url="jar://D:/opt/jdk1.7/jre/lib/jce.jar!/" type="simple" />
            <root url="jar://D:/opt/jdk1.7/jre/lib/jsse.jar!/" type="simple" />
            <root url="jar://D:/opt/jdk1.7/jre/lib/management-agent.jar!/" type="simple" />
            <root url="jar://D:/opt/jdk1.7/jre/lib/resources.jar!/" type="simple" />
            <root url="jar://D:/opt/jdk1.7/jre/lib/rt.jar!/" type="simple" />
          </root>
        </classPath>
        <javadocPath>
          <root type="composite" />
        </javadocPath>
        <sourcePath>
          <root type="composite">
            <root url="jar://D:/opt/jdk1.7/src.zip!/" type="simple" />
          </root>
        </sourcePath>
      </roots>
      <additional />
    </jdk>
    <jdk version="2">
      <name value="17" />
      <type value="JavaSDK" />
      <version value="Oracle OpenJDK version 17.0.1" />
      <homePath value="D:/opt/jdk17" />
      <roots>
        <annotationsPath>
          <root type="composite">
            <root url="jar://$APPLICATION_HOME_DIR$/plugins/java/lib/resources/jdkAnnotations.jar!/" type="simple" />
          </root>
        </annotationsPath>
        <classPath>
          <root type="composite">
            <root url="jrt://D:/opt/jdk17!/java.base" type="simple" />
            <root url="jrt://D:/opt/jdk17!/java.compiler" type="simple" />
            <root url="jrt://D:/opt/jdk17!/java.datatransfer" type="simple" />
            <root url="jrt://D:/opt/jdk17!/java.desktop" type="simple" />
            <root url="jrt://D:/opt/jdk17!/java.instrument" type="simple" />
            <root url="jrt://D:/opt/jdk17!/java.logging" type="simple" />
            <root url="jrt://D:/opt/jdk17!/java.management" type="simple" />
            <root url="jrt://D:/opt/jdk17!/java.management.rmi" type="simple" />
            <root url="jrt://D:/opt/jdk17!/java.naming" type="simple" />
            <root url="jrt://D:/opt/jdk17!/java.net.http" type="simple" />
            <root url="jrt://D:/opt/jdk17!/java.prefs" type="simple" />
            <root url="jrt://D:/opt/jdk17!/java.rmi" type="simple" />
            <root url="jrt://D:/opt/jdk17!/java.scripting" type="simple" />
            <root url="jrt://D:/opt/jdk17!/java.se" type="simple" />
            <root url="jrt://D:/opt/jdk17!/java.security.jgss" type="simple" />
            <root url="jrt://D:/opt/jdk17!/java.security.sasl" type="simple" />
            <root url="jrt://D:/opt/jdk17!/java.smartcardio" type="simple" />
            <root url="jrt://D:/opt/jdk17!/java.sql" type="simple" />
            <root url="jrt://D:/opt/jdk17!/java.sql.rowset" type="simple" />
            <root url="jrt://D:/opt/jdk17!/java.transaction.xa" type="simple" />
            <root url="jrt://D:/opt/jdk17!/java.xml" type="simple" />
            <root url="jrt://D:/opt/jdk17!/java.xml.crypto" type="simple" />
            <root url="jrt://D:/opt/jdk17!/jdk.accessibility" type="simple" />
            <root url="jrt://D:/opt/jdk17!/jdk.attach" type="simple" />
            <root url="jrt://D:/opt/jdk17!/jdk.charsets" type="simple" />
            <root url="jrt://D:/opt/jdk17!/jdk.compiler" type="simple" />
            <root url="jrt://D:/opt/jdk17!/jdk.crypto.cryptoki" type="simple" />
            <root url="jrt://D:/opt/jdk17!/jdk.crypto.ec" type="simple" />
            <root url="jrt://D:/opt/jdk17!/jdk.crypto.mscapi" type="simple" />
            <root url="jrt://D:/opt/jdk17!/jdk.dynalink" type="simple" />
            <root url="jrt://D:/opt/jdk17!/jdk.editpad" type="simple" />
            <root url="jrt://D:/opt/jdk17!/jdk.hotspot.agent" type="simple" />
            <root url="jrt://D:/opt/jdk17!/jdk.httpserver" type="simple" />
            <root url="jrt://D:/opt/jdk17!/jdk.incubator.foreign" type="simple" />
            <root url="jrt://D:/opt/jdk17!/jdk.incubator.vector" type="simple" />
            <root url="jrt://D:/opt/jdk17!/jdk.internal.ed" type="simple" />
            <root url="jrt://D:/opt/jdk17!/jdk.internal.jvmstat" type="simple" />
            <root url="jrt://D:/opt/jdk17!/jdk.internal.le" type="simple" />
            <root url="jrt://D:/opt/jdk17!/jdk.internal.opt" type="simple" />
            <root url="jrt://D:/opt/jdk17!/jdk.internal.vm.ci" type="simple" />
            <root url="jrt://D:/opt/jdk17!/jdk.internal.vm.compiler" type="simple" />
            <root url="jrt://D:/opt/jdk17!/jdk.internal.vm.compiler.management" type="simple" />
            <root url="jrt://D:/opt/jdk17!/jdk.jartool" type="simple" />
            <root url="jrt://D:/opt/jdk17!/jdk.javadoc" type="simple" />
            <root url="jrt://D:/opt/jdk17!/jdk.jcmd" type="simple" />
            <root url="jrt://D:/opt/jdk17!/jdk.jconsole" type="simple" />
            <root url="jrt://D:/opt/jdk17!/jdk.jdeps" type="simple" />
            <root url="jrt://D:/opt/jdk17!/jdk.jdi" type="simple" />
            <root url="jrt://D:/opt/jdk17!/jdk.jdwp.agent" type="simple" />
            <root url="jrt://D:/opt/jdk17!/jdk.jfr" type="simple" />
            <root url="jrt://D:/opt/jdk17!/jdk.jlink" type="simple" />
            <root url="jrt://D:/opt/jdk17!/jdk.jpackage" type="simple" />
            <root url="jrt://D:/opt/jdk17!/jdk.jshell" type="simple" />
            <root url="jrt://D:/opt/jdk17!/jdk.jsobject" type="simple" />
            <root url="jrt://D:/opt/jdk17!/jdk.jstatd" type="simple" />
            <root url="jrt://D:/opt/jdk17!/jdk.localedata" type="simple" />
            <root url="jrt://D:/opt/jdk17!/jdk.management" type="simple" />
            <root url="jrt://D:/opt/jdk17!/jdk.management.agent" type="simple" />
            <root url="jrt://D:/opt/jdk17!/jdk.management.jfr" type="simple" />
            <root url="jrt://D:/opt/jdk17!/jdk.naming.dns" type="simple" />
            <root url="jrt://D:/opt/jdk17!/jdk.naming.rmi" type="simple" />
            <root url="jrt://D:/opt/jdk17!/jdk.net" type="simple" />
            <root url="jrt://D:/opt/jdk17!/jdk.nio.mapmode" type="simple" />
            <root url="jrt://D:/opt/jdk17!/jdk.random" type="simple" />
            <root url="jrt://D:/opt/jdk17!/jdk.sctp" type="simple" />
            <root url="jrt://D:/opt/jdk17!/jdk.security.auth" type="simple" />
            <root url="jrt://D:/opt/jdk17!/jdk.security.jgss" type="simple" />
            <root url="jrt://D:/opt/jdk17!/jdk.unsupported" type="simple" />
            <root url="jrt://D:/opt/jdk17!/jdk.unsupported.desktop" type="simple" />
            <root url="jrt://D:/opt/jdk17!/jdk.xml.dom" type="simple" />
            <root url="jrt://D:/opt/jdk17!/jdk.zipfs" type="simple" />
          </root>
        </classPath>
        <javadocPath>
          <root type="composite" />
        </javadocPath>
        <sourcePath>
          <root type="composite">
            <root url="jar://D:/opt/jdk17/lib/src.zip!/java.se" type="simple" />
            <root url="jar://D:/opt/jdk17/lib/src.zip!/jdk.jdi" type="simple" />
            <root url="jar://D:/opt/jdk17/lib/src.zip!/jdk.jfr" type="simple" />
            <root url="jar://D:/opt/jdk17/lib/src.zip!/jdk.net" type="simple" />
            <root url="jar://D:/opt/jdk17/lib/src.zip!/java.rmi" type="simple" />
            <root url="jar://D:/opt/jdk17/lib/src.zip!/java.sql" type="simple" />
            <root url="jar://D:/opt/jdk17/lib/src.zip!/java.xml" type="simple" />
            <root url="jar://D:/opt/jdk17/lib/src.zip!/jdk.jcmd" type="simple" />
            <root url="jar://D:/opt/jdk17/lib/src.zip!/jdk.sctp" type="simple" />
            <root url="jar://D:/opt/jdk17/lib/src.zip!/java.base" type="simple" />
            <root url="jar://D:/opt/jdk17/lib/src.zip!/jdk.jdeps" type="simple" />
            <root url="jar://D:/opt/jdk17/lib/src.zip!/jdk.jlink" type="simple" />
            <root url="jar://D:/opt/jdk17/lib/src.zip!/jdk.zipfs" type="simple" />
            <root url="jar://D:/opt/jdk17/lib/src.zip!/java.prefs" type="simple" />
            <root url="jar://D:/opt/jdk17/lib/src.zip!/jdk.attach" type="simple" />
            <root url="jar://D:/opt/jdk17/lib/src.zip!/jdk.jshell" type="simple" />
            <root url="jar://D:/opt/jdk17/lib/src.zip!/jdk.jstatd" type="simple" />
            <root url="jar://D:/opt/jdk17/lib/src.zip!/jdk.random" type="simple" />
            <root url="jar://D:/opt/jdk17/lib/src.zip!/java.naming" type="simple" />
            <root url="jar://D:/opt/jdk17/lib/src.zip!/jdk.editpad" type="simple" />
            <root url="jar://D:/opt/jdk17/lib/src.zip!/jdk.jartool" type="simple" />
            <root url="jar://D:/opt/jdk17/lib/src.zip!/jdk.javadoc" type="simple" />
            <root url="jar://D:/opt/jdk17/lib/src.zip!/jdk.xml.dom" type="simple" />
            <root url="jar://D:/opt/jdk17/lib/src.zip!/java.desktop" type="simple" />
            <root url="jar://D:/opt/jdk17/lib/src.zip!/java.logging" type="simple" />
            <root url="jar://D:/opt/jdk17/lib/src.zip!/jdk.charsets" type="simple" />
            <root url="jar://D:/opt/jdk17/lib/src.zip!/jdk.compiler" type="simple" />
            <root url="jar://D:/opt/jdk17/lib/src.zip!/jdk.dynalink" type="simple" />
            <root url="jar://D:/opt/jdk17/lib/src.zip!/jdk.jconsole" type="simple" />
            <root url="jar://D:/opt/jdk17/lib/src.zip!/jdk.jpackage" type="simple" />
            <root url="jar://D:/opt/jdk17/lib/src.zip!/jdk.jsobject" type="simple" />
            <root url="jar://D:/opt/jdk17/lib/src.zip!/java.compiler" type="simple" />
            <root url="jar://D:/opt/jdk17/lib/src.zip!/java.net.http" type="simple" />
            <root url="jar://D:/opt/jdk17/lib/src.zip!/jdk.crypto.ec" type="simple" />
            <root url="jar://D:/opt/jdk17/lib/src.zip!/java.scripting" type="simple" />
            <root url="jar://D:/opt/jdk17/lib/src.zip!/jdk.httpserver" type="simple" />
            <root url="jar://D:/opt/jdk17/lib/src.zip!/jdk.jdwp.agent" type="simple" />
            <root url="jar://D:/opt/jdk17/lib/src.zip!/jdk.localedata" type="simple" />
            <root url="jar://D:/opt/jdk17/lib/src.zip!/jdk.management" type="simple" />
            <root url="jar://D:/opt/jdk17/lib/src.zip!/jdk.naming.dns" type="simple" />
            <root url="jar://D:/opt/jdk17/lib/src.zip!/jdk.naming.rmi" type="simple" />
            <root url="jar://D:/opt/jdk17/lib/src.zip!/java.instrument" type="simple" />
            <root url="jar://D:/opt/jdk17/lib/src.zip!/java.management" type="simple" />
            <root url="jar://D:/opt/jdk17/lib/src.zip!/java.sql.rowset" type="simple" />
            <root url="jar://D:/opt/jdk17/lib/src.zip!/java.xml.crypto" type="simple" />
            <root url="jar://D:/opt/jdk17/lib/src.zip!/jdk.internal.ed" type="simple" />
            <root url="jar://D:/opt/jdk17/lib/src.zip!/jdk.internal.le" type="simple" />
            <root url="jar://D:/opt/jdk17/lib/src.zip!/jdk.nio.mapmode" type="simple" />
            <root url="jar://D:/opt/jdk17/lib/src.zip!/jdk.unsupported" type="simple" />
            <root url="jar://D:/opt/jdk17/lib/src.zip!/java.smartcardio" type="simple" />
            <root url="jar://D:/opt/jdk17/lib/src.zip!/jdk.internal.opt" type="simple" />
            <root url="jar://D:/opt/jdk17/lib/src.zip!/java.datatransfer" type="simple" />
            <root url="jar://D:/opt/jdk17/lib/src.zip!/jdk.accessibility" type="simple" />
            <root url="jar://D:/opt/jdk17/lib/src.zip!/jdk.crypto.mscapi" type="simple" />
            <root url="jar://D:/opt/jdk17/lib/src.zip!/jdk.hotspot.agent" type="simple" />
            <root url="jar://D:/opt/jdk17/lib/src.zip!/jdk.security.auth" type="simple" />
            <root url="jar://D:/opt/jdk17/lib/src.zip!/jdk.security.jgss" type="simple" />
            <root url="jar://D:/opt/jdk17/lib/src.zip!/java.security.jgss" type="simple" />
            <root url="jar://D:/opt/jdk17/lib/src.zip!/java.security.sasl" type="simple" />
            <root url="jar://D:/opt/jdk17/lib/src.zip!/jdk.internal.vm.ci" type="simple" />
            <root url="jar://D:/opt/jdk17/lib/src.zip!/jdk.management.jfr" type="simple" />
            <root url="jar://D:/opt/jdk17/lib/src.zip!/java.management.rmi" type="simple" />
            <root url="jar://D:/opt/jdk17/lib/src.zip!/java.transaction.xa" type="simple" />
            <root url="jar://D:/opt/jdk17/lib/src.zip!/jdk.crypto.cryptoki" type="simple" />
            <root url="jar://D:/opt/jdk17/lib/src.zip!/jdk.incubator.vector" type="simple" />
            <root url="jar://D:/opt/jdk17/lib/src.zip!/jdk.internal.jvmstat" type="simple" />
            <root url="jar://D:/opt/jdk17/lib/src.zip!/jdk.management.agent" type="simple" />
            <root url="jar://D:/opt/jdk17/lib/src.zip!/jdk.incubator.foreign" type="simple" />
            <root url="jar://D:/opt/jdk17/lib/src.zip!/jdk.unsupported.desktop" type="simple" />
            <root url="jar://D:/opt/jdk17/lib/src.zip!/jdk.internal.vm.compiler" type="simple" />
            <root url="jar://D:/opt/jdk17/lib/src.zip!/jdk.internal.vm.compiler.management" type="simple" />
          </root>
        </sourcePath>
      </roots>
      <additional />
    </jdk>
    <jdk version="2">
      <name value="jbr-17" />
      <type value="JavaSDK" />
      <version value="JetBrains Runtime version 17.0.5" />
      <homePath value="$APPLICATION_HOME_DIR$/jbr" />
      <roots>
        <annotationsPath>
          <root type="composite">
            <root url="jar://$APPLICATION_HOME_DIR$/plugins/java/lib/resources/jdkAnnotations.jar!/" type="simple" />
          </root>
        </annotationsPath>
        <classPath>
          <root type="composite">
            <root url="jrt://D:/Program Files/JetBrains/IntelliJ IDEA 2022.3.2/jbr!/gluegen.rt" type="simple" />
            <root url="jrt://D:/Program Files/JetBrains/IntelliJ IDEA 2022.3.2/jbr!/java.base" type="simple" />
            <root url="jrt://D:/Program Files/JetBrains/IntelliJ IDEA 2022.3.2/jbr!/java.compiler" type="simple" />
            <root url="jrt://D:/Program Files/JetBrains/IntelliJ IDEA 2022.3.2/jbr!/java.datatransfer" type="simple" />
            <root url="jrt://D:/Program Files/JetBrains/IntelliJ IDEA 2022.3.2/jbr!/java.desktop" type="simple" />
            <root url="jrt://D:/Program Files/JetBrains/IntelliJ IDEA 2022.3.2/jbr!/java.instrument" type="simple" />
            <root url="jrt://D:/Program Files/JetBrains/IntelliJ IDEA 2022.3.2/jbr!/java.logging" type="simple" />
            <root url="jrt://D:/Program Files/JetBrains/IntelliJ IDEA 2022.3.2/jbr!/java.management" type="simple" />
            <root url="jrt://D:/Program Files/JetBrains/IntelliJ IDEA 2022.3.2/jbr!/java.management.rmi" type="simple" />
            <root url="jrt://D:/Program Files/JetBrains/IntelliJ IDEA 2022.3.2/jbr!/java.naming" type="simple" />
            <root url="jrt://D:/Program Files/JetBrains/IntelliJ IDEA 2022.3.2/jbr!/java.net.http" type="simple" />
            <root url="jrt://D:/Program Files/JetBrains/IntelliJ IDEA 2022.3.2/jbr!/java.prefs" type="simple" />
            <root url="jrt://D:/Program Files/JetBrains/IntelliJ IDEA 2022.3.2/jbr!/java.rmi" type="simple" />
            <root url="jrt://D:/Program Files/JetBrains/IntelliJ IDEA 2022.3.2/jbr!/java.scripting" type="simple" />
            <root url="jrt://D:/Program Files/JetBrains/IntelliJ IDEA 2022.3.2/jbr!/java.se" type="simple" />
            <root url="jrt://D:/Program Files/JetBrains/IntelliJ IDEA 2022.3.2/jbr!/java.security.jgss" type="simple" />
            <root url="jrt://D:/Program Files/JetBrains/IntelliJ IDEA 2022.3.2/jbr!/java.security.sasl" type="simple" />
            <root url="jrt://D:/Program Files/JetBrains/IntelliJ IDEA 2022.3.2/jbr!/java.smartcardio" type="simple" />
            <root url="jrt://D:/Program Files/JetBrains/IntelliJ IDEA 2022.3.2/jbr!/java.sql" type="simple" />
            <root url="jrt://D:/Program Files/JetBrains/IntelliJ IDEA 2022.3.2/jbr!/java.sql.rowset" type="simple" />
            <root url="jrt://D:/Program Files/JetBrains/IntelliJ IDEA 2022.3.2/jbr!/java.transaction.xa" type="simple" />
            <root url="jrt://D:/Program Files/JetBrains/IntelliJ IDEA 2022.3.2/jbr!/java.xml" type="simple" />
            <root url="jrt://D:/Program Files/JetBrains/IntelliJ IDEA 2022.3.2/jbr!/java.xml.crypto" type="simple" />
            <root url="jrt://D:/Program Files/JetBrains/IntelliJ IDEA 2022.3.2/jbr!/jcef" type="simple" />
            <root url="jrt://D:/Program Files/JetBrains/IntelliJ IDEA 2022.3.2/jbr!/jdk.accessibility" type="simple" />
            <root url="jrt://D:/Program Files/JetBrains/IntelliJ IDEA 2022.3.2/jbr!/jdk.attach" type="simple" />
            <root url="jrt://D:/Program Files/JetBrains/IntelliJ IDEA 2022.3.2/jbr!/jdk.charsets" type="simple" />
            <root url="jrt://D:/Program Files/JetBrains/IntelliJ IDEA 2022.3.2/jbr!/jdk.compiler" type="simple" />
            <root url="jrt://D:/Program Files/JetBrains/IntelliJ IDEA 2022.3.2/jbr!/jdk.crypto.cryptoki" type="simple" />
            <root url="jrt://D:/Program Files/JetBrains/IntelliJ IDEA 2022.3.2/jbr!/jdk.crypto.ec" type="simple" />
            <root url="jrt://D:/Program Files/JetBrains/IntelliJ IDEA 2022.3.2/jbr!/jdk.crypto.mscapi" type="simple" />
            <root url="jrt://D:/Program Files/JetBrains/IntelliJ IDEA 2022.3.2/jbr!/jdk.dynalink" type="simple" />
            <root url="jrt://D:/Program Files/JetBrains/IntelliJ IDEA 2022.3.2/jbr!/jdk.hotspot.agent" type="simple" />
            <root url="jrt://D:/Program Files/JetBrains/IntelliJ IDEA 2022.3.2/jbr!/jdk.httpserver" type="simple" />
            <root url="jrt://D:/Program Files/JetBrains/IntelliJ IDEA 2022.3.2/jbr!/jdk.internal.ed" type="simple" />
            <root url="jrt://D:/Program Files/JetBrains/IntelliJ IDEA 2022.3.2/jbr!/jdk.internal.jvmstat" type="simple" />
            <root url="jrt://D:/Program Files/JetBrains/IntelliJ IDEA 2022.3.2/jbr!/jdk.internal.le" type="simple" />
            <root url="jrt://D:/Program Files/JetBrains/IntelliJ IDEA 2022.3.2/jbr!/jdk.internal.vm.ci" type="simple" />
            <root url="jrt://D:/Program Files/JetBrains/IntelliJ IDEA 2022.3.2/jbr!/jdk.javadoc" type="simple" />
            <root url="jrt://D:/Program Files/JetBrains/IntelliJ IDEA 2022.3.2/jbr!/jdk.jcmd" type="simple" />
            <root url="jrt://D:/Program Files/JetBrains/IntelliJ IDEA 2022.3.2/jbr!/jdk.jdi" type="simple" />
            <root url="jrt://D:/Program Files/JetBrains/IntelliJ IDEA 2022.3.2/jbr!/jdk.jdwp.agent" type="simple" />
            <root url="jrt://D:/Program Files/JetBrains/IntelliJ IDEA 2022.3.2/jbr!/jdk.jfr" type="simple" />
            <root url="jrt://D:/Program Files/JetBrains/IntelliJ IDEA 2022.3.2/jbr!/jdk.jsobject" type="simple" />
            <root url="jrt://D:/Program Files/JetBrains/IntelliJ IDEA 2022.3.2/jbr!/jdk.localedata" type="simple" />
            <root url="jrt://D:/Program Files/JetBrains/IntelliJ IDEA 2022.3.2/jbr!/jdk.management" type="simple" />
            <root url="jrt://D:/Program Files/JetBrains/IntelliJ IDEA 2022.3.2/jbr!/jdk.management.agent" type="simple" />
            <root url="jrt://D:/Program Files/JetBrains/IntelliJ IDEA 2022.3.2/jbr!/jdk.management.jfr" type="simple" />
            <root url="jrt://D:/Program Files/JetBrains/IntelliJ IDEA 2022.3.2/jbr!/jdk.naming.dns" type="simple" />
            <root url="jrt://D:/Program Files/JetBrains/IntelliJ IDEA 2022.3.2/jbr!/jdk.naming.rmi" type="simple" />
            <root url="jrt://D:/Program Files/JetBrains/IntelliJ IDEA 2022.3.2/jbr!/jdk.net" type="simple" />
            <root url="jrt://D:/Program Files/JetBrains/IntelliJ IDEA 2022.3.2/jbr!/jdk.sctp" type="simple" />
            <root url="jrt://D:/Program Files/JetBrains/IntelliJ IDEA 2022.3.2/jbr!/jdk.security.auth" type="simple" />
            <root url="jrt://D:/Program Files/JetBrains/IntelliJ IDEA 2022.3.2/jbr!/jdk.security.jgss" type="simple" />
            <root url="jrt://D:/Program Files/JetBrains/IntelliJ IDEA 2022.3.2/jbr!/jdk.unsupported" type="simple" />
            <root url="jrt://D:/Program Files/JetBrains/IntelliJ IDEA 2022.3.2/jbr!/jdk.unsupported.desktop" type="simple" />
            <root url="jrt://D:/Program Files/JetBrains/IntelliJ IDEA 2022.3.2/jbr!/jdk.xml.dom" type="simple" />
            <root url="jrt://D:/Program Files/JetBrains/IntelliJ IDEA 2022.3.2/jbr!/jdk.zipfs" type="simple" />
            <root url="jrt://D:/Program Files/JetBrains/IntelliJ IDEA 2022.3.2/jbr!/jogl.all" type="simple" />
          </root>
        </classPath>
        <javadocPath>
          <root type="composite">
            <root url="https://docs.oracle.com/en/java/javase/17/docs/api/" type="simple" />
          </root>
        </javadocPath>
        <sourcePath>
          <root type="composite" />
        </sourcePath>
      </roots>
      <additional />
    </jdk>
    <jdk version="2">
      <name value="19" />
      <type value="JavaSDK" />
      <version value="Oracle OpenJDK version 19" />
      <homePath value="D:/opt/jdk19" />
      <roots>
        <annotationsPath>
          <root type="composite">
            <root url="jar://$APPLICATION_HOME_DIR$/plugins/java/lib/resources/jdkAnnotations.jar!/" type="simple" />
          </root>
        </annotationsPath>
        <classPath>
          <root type="composite">
            <root url="jrt://D:/opt/jdk19!/java.base" type="simple" />
            <root url="jrt://D:/opt/jdk19!/java.compiler" type="simple" />
            <root url="jrt://D:/opt/jdk19!/java.datatransfer" type="simple" />
            <root url="jrt://D:/opt/jdk19!/java.desktop" type="simple" />
            <root url="jrt://D:/opt/jdk19!/java.instrument" type="simple" />
            <root url="jrt://D:/opt/jdk19!/java.logging" type="simple" />
            <root url="jrt://D:/opt/jdk19!/java.management" type="simple" />
            <root url="jrt://D:/opt/jdk19!/java.management.rmi" type="simple" />
            <root url="jrt://D:/opt/jdk19!/java.naming" type="simple" />
            <root url="jrt://D:/opt/jdk19!/java.net.http" type="simple" />
            <root url="jrt://D:/opt/jdk19!/java.prefs" type="simple" />
            <root url="jrt://D:/opt/jdk19!/java.rmi" type="simple" />
            <root url="jrt://D:/opt/jdk19!/java.scripting" type="simple" />
            <root url="jrt://D:/opt/jdk19!/java.se" type="simple" />
            <root url="jrt://D:/opt/jdk19!/java.security.jgss" type="simple" />
            <root url="jrt://D:/opt/jdk19!/java.security.sasl" type="simple" />
            <root url="jrt://D:/opt/jdk19!/java.smartcardio" type="simple" />
            <root url="jrt://D:/opt/jdk19!/java.sql" type="simple" />
            <root url="jrt://D:/opt/jdk19!/java.sql.rowset" type="simple" />
            <root url="jrt://D:/opt/jdk19!/java.transaction.xa" type="simple" />
            <root url="jrt://D:/opt/jdk19!/java.xml" type="simple" />
            <root url="jrt://D:/opt/jdk19!/java.xml.crypto" type="simple" />
            <root url="jrt://D:/opt/jdk19!/jdk.accessibility" type="simple" />
            <root url="jrt://D:/opt/jdk19!/jdk.attach" type="simple" />
            <root url="jrt://D:/opt/jdk19!/jdk.charsets" type="simple" />
            <root url="jrt://D:/opt/jdk19!/jdk.compiler" type="simple" />
            <root url="jrt://D:/opt/jdk19!/jdk.crypto.cryptoki" type="simple" />
            <root url="jrt://D:/opt/jdk19!/jdk.crypto.ec" type="simple" />
            <root url="jrt://D:/opt/jdk19!/jdk.crypto.mscapi" type="simple" />
            <root url="jrt://D:/opt/jdk19!/jdk.dynalink" type="simple" />
            <root url="jrt://D:/opt/jdk19!/jdk.editpad" type="simple" />
            <root url="jrt://D:/opt/jdk19!/jdk.hotspot.agent" type="simple" />
            <root url="jrt://D:/opt/jdk19!/jdk.httpserver" type="simple" />
            <root url="jrt://D:/opt/jdk19!/jdk.incubator.concurrent" type="simple" />
            <root url="jrt://D:/opt/jdk19!/jdk.incubator.vector" type="simple" />
            <root url="jrt://D:/opt/jdk19!/jdk.internal.ed" type="simple" />
            <root url="jrt://D:/opt/jdk19!/jdk.internal.jvmstat" type="simple" />
            <root url="jrt://D:/opt/jdk19!/jdk.internal.le" type="simple" />
            <root url="jrt://D:/opt/jdk19!/jdk.internal.opt" type="simple" />
            <root url="jrt://D:/opt/jdk19!/jdk.internal.vm.ci" type="simple" />
            <root url="jrt://D:/opt/jdk19!/jdk.internal.vm.compiler" type="simple" />
            <root url="jrt://D:/opt/jdk19!/jdk.internal.vm.compiler.management" type="simple" />
            <root url="jrt://D:/opt/jdk19!/jdk.jartool" type="simple" />
            <root url="jrt://D:/opt/jdk19!/jdk.javadoc" type="simple" />
            <root url="jrt://D:/opt/jdk19!/jdk.jcmd" type="simple" />
            <root url="jrt://D:/opt/jdk19!/jdk.jconsole" type="simple" />
            <root url="jrt://D:/opt/jdk19!/jdk.jdeps" type="simple" />
            <root url="jrt://D:/opt/jdk19!/jdk.jdi" type="simple" />
            <root url="jrt://D:/opt/jdk19!/jdk.jdwp.agent" type="simple" />
            <root url="jrt://D:/opt/jdk19!/jdk.jfr" type="simple" />
            <root url="jrt://D:/opt/jdk19!/jdk.jlink" type="simple" />
            <root url="jrt://D:/opt/jdk19!/jdk.jpackage" type="simple" />
            <root url="jrt://D:/opt/jdk19!/jdk.jshell" type="simple" />
            <root url="jrt://D:/opt/jdk19!/jdk.jsobject" type="simple" />
            <root url="jrt://D:/opt/jdk19!/jdk.jstatd" type="simple" />
            <root url="jrt://D:/opt/jdk19!/jdk.localedata" type="simple" />
            <root url="jrt://D:/opt/jdk19!/jdk.management" type="simple" />
            <root url="jrt://D:/opt/jdk19!/jdk.management.agent" type="simple" />
            <root url="jrt://D:/opt/jdk19!/jdk.management.jfr" type="simple" />
            <root url="jrt://D:/opt/jdk19!/jdk.naming.dns" type="simple" />
            <root url="jrt://D:/opt/jdk19!/jdk.naming.rmi" type="simple" />
            <root url="jrt://D:/opt/jdk19!/jdk.net" type="simple" />
            <root url="jrt://D:/opt/jdk19!/jdk.nio.mapmode" type="simple" />
            <root url="jrt://D:/opt/jdk19!/jdk.random" type="simple" />
            <root url="jrt://D:/opt/jdk19!/jdk.sctp" type="simple" />
            <root url="jrt://D:/opt/jdk19!/jdk.security.auth" type="simple" />
            <root url="jrt://D:/opt/jdk19!/jdk.security.jgss" type="simple" />
            <root url="jrt://D:/opt/jdk19!/jdk.unsupported" type="simple" />
            <root url="jrt://D:/opt/jdk19!/jdk.unsupported.desktop" type="simple" />
            <root url="jrt://D:/opt/jdk19!/jdk.xml.dom" type="simple" />
            <root url="jrt://D:/opt/jdk19!/jdk.zipfs" type="simple" />
          </root>
        </classPath>
        <javadocPath>
          <root type="composite" />
        </javadocPath>
        <sourcePath>
          <root type="composite">
            <root url="jar://D:/opt/jdk19/lib/src.zip!/java.se" type="simple" />
            <root url="jar://D:/opt/jdk19/lib/src.zip!/jdk.jdi" type="simple" />
            <root url="jar://D:/opt/jdk19/lib/src.zip!/jdk.jfr" type="simple" />
            <root url="jar://D:/opt/jdk19/lib/src.zip!/jdk.net" type="simple" />
            <root url="jar://D:/opt/jdk19/lib/src.zip!/java.rmi" type="simple" />
            <root url="jar://D:/opt/jdk19/lib/src.zip!/java.sql" type="simple" />
            <root url="jar://D:/opt/jdk19/lib/src.zip!/java.xml" type="simple" />
            <root url="jar://D:/opt/jdk19/lib/src.zip!/jdk.jcmd" type="simple" />
            <root url="jar://D:/opt/jdk19/lib/src.zip!/jdk.sctp" type="simple" />
            <root url="jar://D:/opt/jdk19/lib/src.zip!/java.base" type="simple" />
            <root url="jar://D:/opt/jdk19/lib/src.zip!/jdk.jdeps" type="simple" />
            <root url="jar://D:/opt/jdk19/lib/src.zip!/jdk.jlink" type="simple" />
            <root url="jar://D:/opt/jdk19/lib/src.zip!/jdk.zipfs" type="simple" />
            <root url="jar://D:/opt/jdk19/lib/src.zip!/java.prefs" type="simple" />
            <root url="jar://D:/opt/jdk19/lib/src.zip!/jdk.attach" type="simple" />
            <root url="jar://D:/opt/jdk19/lib/src.zip!/jdk.jshell" type="simple" />
            <root url="jar://D:/opt/jdk19/lib/src.zip!/jdk.jstatd" type="simple" />
            <root url="jar://D:/opt/jdk19/lib/src.zip!/jdk.random" type="simple" />
            <root url="jar://D:/opt/jdk19/lib/src.zip!/java.naming" type="simple" />
            <root url="jar://D:/opt/jdk19/lib/src.zip!/jdk.editpad" type="simple" />
            <root url="jar://D:/opt/jdk19/lib/src.zip!/jdk.jartool" type="simple" />
            <root url="jar://D:/opt/jdk19/lib/src.zip!/jdk.javadoc" type="simple" />
            <root url="jar://D:/opt/jdk19/lib/src.zip!/jdk.xml.dom" type="simple" />
            <root url="jar://D:/opt/jdk19/lib/src.zip!/java.desktop" type="simple" />
            <root url="jar://D:/opt/jdk19/lib/src.zip!/java.logging" type="simple" />
            <root url="jar://D:/opt/jdk19/lib/src.zip!/jdk.charsets" type="simple" />
            <root url="jar://D:/opt/jdk19/lib/src.zip!/jdk.compiler" type="simple" />
            <root url="jar://D:/opt/jdk19/lib/src.zip!/jdk.dynalink" type="simple" />
            <root url="jar://D:/opt/jdk19/lib/src.zip!/jdk.jconsole" type="simple" />
            <root url="jar://D:/opt/jdk19/lib/src.zip!/jdk.jpackage" type="simple" />
            <root url="jar://D:/opt/jdk19/lib/src.zip!/jdk.jsobject" type="simple" />
            <root url="jar://D:/opt/jdk19/lib/src.zip!/java.compiler" type="simple" />
            <root url="jar://D:/opt/jdk19/lib/src.zip!/java.net.http" type="simple" />
            <root url="jar://D:/opt/jdk19/lib/src.zip!/jdk.crypto.ec" type="simple" />
            <root url="jar://D:/opt/jdk19/lib/src.zip!/java.scripting" type="simple" />
            <root url="jar://D:/opt/jdk19/lib/src.zip!/jdk.httpserver" type="simple" />
            <root url="jar://D:/opt/jdk19/lib/src.zip!/jdk.jdwp.agent" type="simple" />
            <root url="jar://D:/opt/jdk19/lib/src.zip!/jdk.localedata" type="simple" />
            <root url="jar://D:/opt/jdk19/lib/src.zip!/jdk.management" type="simple" />
            <root url="jar://D:/opt/jdk19/lib/src.zip!/jdk.naming.dns" type="simple" />
            <root url="jar://D:/opt/jdk19/lib/src.zip!/jdk.naming.rmi" type="simple" />
            <root url="jar://D:/opt/jdk19/lib/src.zip!/java.instrument" type="simple" />
            <root url="jar://D:/opt/jdk19/lib/src.zip!/java.management" type="simple" />
            <root url="jar://D:/opt/jdk19/lib/src.zip!/java.sql.rowset" type="simple" />
            <root url="jar://D:/opt/jdk19/lib/src.zip!/java.xml.crypto" type="simple" />
            <root url="jar://D:/opt/jdk19/lib/src.zip!/jdk.internal.ed" type="simple" />
            <root url="jar://D:/opt/jdk19/lib/src.zip!/jdk.internal.le" type="simple" />
            <root url="jar://D:/opt/jdk19/lib/src.zip!/jdk.nio.mapmode" type="simple" />
            <root url="jar://D:/opt/jdk19/lib/src.zip!/jdk.unsupported" type="simple" />
            <root url="jar://D:/opt/jdk19/lib/src.zip!/java.smartcardio" type="simple" />
            <root url="jar://D:/opt/jdk19/lib/src.zip!/jdk.internal.opt" type="simple" />
            <root url="jar://D:/opt/jdk19/lib/src.zip!/java.datatransfer" type="simple" />
            <root url="jar://D:/opt/jdk19/lib/src.zip!/jdk.accessibility" type="simple" />
            <root url="jar://D:/opt/jdk19/lib/src.zip!/jdk.crypto.mscapi" type="simple" />
            <root url="jar://D:/opt/jdk19/lib/src.zip!/jdk.hotspot.agent" type="simple" />
            <root url="jar://D:/opt/jdk19/lib/src.zip!/jdk.security.auth" type="simple" />
            <root url="jar://D:/opt/jdk19/lib/src.zip!/jdk.security.jgss" type="simple" />
            <root url="jar://D:/opt/jdk19/lib/src.zip!/java.security.jgss" type="simple" />
            <root url="jar://D:/opt/jdk19/lib/src.zip!/java.security.sasl" type="simple" />
            <root url="jar://D:/opt/jdk19/lib/src.zip!/jdk.internal.vm.ci" type="simple" />
            <root url="jar://D:/opt/jdk19/lib/src.zip!/jdk.management.jfr" type="simple" />
            <root url="jar://D:/opt/jdk19/lib/src.zip!/java.management.rmi" type="simple" />
            <root url="jar://D:/opt/jdk19/lib/src.zip!/java.transaction.xa" type="simple" />
            <root url="jar://D:/opt/jdk19/lib/src.zip!/jdk.crypto.cryptoki" type="simple" />
            <root url="jar://D:/opt/jdk19/lib/src.zip!/jdk.incubator.vector" type="simple" />
            <root url="jar://D:/opt/jdk19/lib/src.zip!/jdk.internal.jvmstat" type="simple" />
            <root url="jar://D:/opt/jdk19/lib/src.zip!/jdk.management.agent" type="simple" />
            <root url="jar://D:/opt/jdk19/lib/src.zip!/jdk.unsupported.desktop" type="simple" />
            <root url="jar://D:/opt/jdk19/lib/src.zip!/jdk.incubator.concurrent" type="simple" />
            <root url="jar://D:/opt/jdk19/lib/src.zip!/jdk.internal.vm.compiler" type="simple" />
            <root url="jar://D:/opt/jdk19/lib/src.zip!/jdk.internal.vm.compiler.management" type="simple" />
          </root>
        </sourcePath>
      </roots>
      <additional />
    </jdk>
  </component>
</application>