<application>
  <component name="NotificationConfiguration">
    <notification groupId="Branch Context group" displayType="NONE" />
    <notification groupId="Docker: Dockerfile detection" displayType="NONE" shouldLog="false" />
    <notification groupId="IDE and Plugin Updates" displayType="STICKY_BALLOON" shouldLog="false" />
    <notification groupId="Language Plugins Notifications" displayType="NONE" shouldLog="false" />
    <notification groupId="Lombok plugin" displayType="STICKY_BALLOON" shouldLog="false" />
    <notification groupId="Maven: non-managed pom.xml" displayType="NONE" shouldLog="false" />
  </component>
</application>