<application>
  <component name="UpdatesConfigurable">
    <option name="CHECK_NEEDED" value="false" />
    <ignoredBuildNumbers>
      <item value="233.13135.103" />
      <item value="233.11799.300" />
      <item value="233.14475.28" />
    </ignoredBuildNumbers>
    <option name="LAST_BUILD_CHECKED" value="IU-223.8836.41" />
    <option name="LAST_TIME_CHECKED" value="1712720054728" />
    <option name="SHOW_WHATS_NEW_EDITOR" value="false" />
    <option name="THIRD_PARTY_PLUGINS_ALLOWED" value="true" />
    <option name="WHATS_NEW_SHOWN_FOR" value="223" />
  </component>
</application>