<application>
  <component name="GitRememberedInputs">
    <option name="visitedUrls">
      <list>
        <UrlAndUserName>
          <option name="url" value="http://10.18.43.2/stu-2/news_collect.git" />
          <option name="userName" value="" />
        </UrlAndUserName>
        <UrlAndUserName>
          <option name="url" value="git@10.18.43.2:stu-2/paper_news.git" />
          <option name="userName" value="" />
        </UrlAndUserName>
        <UrlAndUserName>
          <option name="url" value="http://git.int-yt.com" />
          <option name="userName" value="zhaijianbo@int-yt.com" />
        </UrlAndUserName>
        <UrlAndUserName>
          <option name="url" value="http://git.int-yt.com/wangnan/yaojiagridding.git" />
          <option name="userName" value="" />
        </UrlAndUserName>
        <UrlAndUserName>
          <option name="url" value="http://e.coding.net" />
          <option name="userName" value="cccy0@foxmail.com" />
        </UrlAndUserName>
        <UrlAndUserName>
          <option name="url" value="http://github.com" />
          <option name="userName" value="cccy0@foxmail.com" />
        </UrlAndUserName>
        <UrlAndUserName>
          <option name="url" value="http://github.com.cnpmjs.org" />
          <option name="userName" value="cccy0@foxmail.com" />
        </UrlAndUserName>
      </list>
    </option>
    <option name="cloneParentDir" value="F:\work\project" />
  </component>
  <component name="Vcs.Log.App.Settings">
    <option name="SHOW_CHANGES_FROM_PARENTS" value="true" />
    <option name="COLUMN_ORDER">
      <list>
        <option value="0" />
        <option value="1" />
        <option value="2" />
        <option value="3" />
      </list>
    </option>
  </component>
</application>