<application>
  <component name="AppStorage">
    <histories>
      <item value="Write the given key/value pair to Redis an set the expiration time if defined." />
      <item value="behavior" />
      <item value="locking behavior" />
      <item value="{@link RedisCacheWriter} provides low level access to Redis commands ({@code SET, SETNX, GET, EXPIRE,...}) used for * caching. &lt;br /&gt; * The {@link RedisCacheWriter} may be shared by multiple cache implementations and is responsible for writing / reading * binary data to / from Redis. The implementation honors potential cache lock flags that might be set." />
      <item value="Parses the specified compact serialized JWS string based on the builder's current configuration state and * returns * the resulting plaintext JWS instance. * &lt;p&gt; * &lt;p&gt;This is a convenience method that is usable if you are confident that the compact string argument reflects a * plaintext JWS. A plaintext JWS is a JWT with a String (non-JSON) body (payload) that has been * cryptographically signed.&lt;/p&gt; * &lt;p&gt; * &lt;p&gt;&lt;b&gt;If the compact string presented does not reflect a plaintext JWS, an {@link UnsupportedJwtException} * will be thrown.&lt;/b&gt;&lt;/p&gt;" />
      <item value="Parses the specified compact serialized JWT string based on the builder's current configuration state and * returns * the resulting unsigned plaintext JWT instance. * &lt;p&gt; * &lt;p&gt;This is a convenience method that is usable if you are confident that the compact string argument reflects an * unsigned Claims JWT. An unsigned Claims JWT has a {@link Claims} body and it is not cryptographically * signed.&lt;/p&gt; * &lt;p&gt; * &lt;p&gt;&lt;b&gt;If the compact string presented does not reflect an unsigned Claims JWT, an * {@link UnsupportedJwtException} will be thrown.&lt;/b&gt;&lt;/p&gt;" />
      <item value="criterion" />
      <item value="Indicates the dependency is optional for use of this library. While the version of the dependency will be taken into account for dependency calculation if the library is used elsewhere, it will not be passed on transitively." />
      <item value="The &lt;code&gt;System&lt;/code&gt; class contains several useful class fields * and methods. It cannot be instantiated. * * &lt;p&gt;Among the facilities provided by the &lt;code&gt;System&lt;/code&gt; class * are standard input, standard output, and error output streams; * access to externally defined properties and environment * variables; a means of loading files and libraries; and a utility * method for quickly copying a portion of an array." />
      <item value="static" />
      <item value="is Sorted" />
    </histories>
    <option name="languageScores">
      <map>
        <entry key="CHINESE" value="11" />
        <entry key="ENGLISH" value="12" />
      </map>
    </option>
  </component>
  <component name="Settings">
    <option name="ignoreRegExp" value="" />
  </component>
</application>