<application>
  <component name="MavenWrapperMapping">
    <option name="mapping">
      <map>
        <entry key="https://repo.maven.apache.org/maven2/org/apache/maven/apache-maven/3.6.3/apache-maven-3.6.3-bin.zip" value="C:\Users\cccy0\.m2\wrapper\dists\apache-maven-3.6.3-bin\1iopthnavndlasol9gbrbg6bf2\apache-maven-3.6.3" />
        <entry key="https://repo.maven.apache.org/maven2/org/apache/maven/apache-maven/3.8.6/apache-maven-3.8.6-bin.zip" value="C:\Users\cccy0\.m2\wrapper\dists\apache-maven-3.8.6-bin\1ks0nkde5v1pk9vtc31i9d0lcd\apache-maven-3.8.6" />
      </map>
    </option>
  </component>
</application>