<toolSet name="External Tools">
  <tool name="javap -c" showInMainMenu="false" showInEditor="false" showInProject="false" showInSearchPopup="false" disabled="false" useConsole="true" showConsoleOnStdOut="false" showConsoleOnStdErr="false" synchronizeAfterRun="true">
    <exec>
      <option name="COMMAND" value="D:\opt\jdk1.8\bin\javap.exe" />
      <option name="PARAMETERS" value="-c $FileClass$" />
      <option name="WORKING_DIRECTORY" value="$OutputPath$" />
    </exec>
  </tool>
  <tool name="camunda-modeler" showInMainMenu="false" showInEditor="false" showInProject="false" showInSearchPopup="false" disabled="false" useConsole="true" showConsoleOnStdOut="false" showConsoleOnStdErr="false" synchronizeAfterRun="true">
    <exec>
      <option name="COMMAND" value="D:\tool\camunda-modeler-4.2.0-win-x64\Camunda Modeler.exe" />
      <option name="PARAMETERS" value="$FilePath$" />
      <option name="WORKING_DIRECTORY" value="D:/tool/camunda-modeler-4.2.0-win-x64" />
    </exec>
  </tool>
</toolSet>